City_ID,City,Lat,Lng,Max Temp,Humidity,Cloudiness,Wind Speed,Country,Date
0,georgetown,5.4112,100.3354,78.73,89,20,1.14,MY,1722816520
1,codrington,-38.2667,141.9667,48.87,62,92,7.2,AU,1722816521
2,bredasdorp,-34.5322,20.0403,44.01,71,26,9.78,ZA,1722816523
3,bethel,41.3712,-73.414,75.6,88,0,5.75,US,1722816524
4,kodiak,57.79,-152.4072,53.11,100,100,10.36,US,1722816526
5,isafjordur,66.0755,-23.124,46.31,85,73,14.47,IS,1722816527
6,coquimbo,-29.9533,-71.3436,53.98,72,75,4.61,CL,1722816528
7,egilsstadir,65.2653,-14.3948,49.98,96,100,9.69,IS,1722816530
8,port saint john's,-31.6229,29.5448,57.99,64,72,16.53,ZA,1722816531
9,badger,64.8,-147.5333,75.36,52,0,4.61,US,1722816532
10,luwuk,-0.9516,122.7875,76.55,77,81,6.53,ID,1722816533
11,port-aux-francais,-49.35,70.2167,35.22,67,38,17.54,TF,1722816534
12,phan rang-thap cham,11.5667,108.9833,80.01,77,75,1.77,VN,1722816535
13,puerto baquerizo moreno,-0.9,-89.6,67.6,85,48,13.35,EC,1722816538
14,iqaluit,63.7506,-68.5145,42.53,93,100,4.61,CA,1722816539
15,thompson,55.7435,-97.8558,70.9,30,81,10.71,CA,1722816540
16,karratha,-20.7377,116.8463,62.69,61,0,16.6,AU,1722816541
17,blackmans bay,-43.0167,147.3167,53.73,66,59,1.99,AU,1722816542
18,iquique,-20.2208,-70.1431,60.84,80,36,4.16,CL,1722816543
19,papatowai,-46.5619,169.4708,49.71,76,47,5.37,NZ,1722816545
20,sao joao da barra,-21.6403,-41.0511,73.94,83,0,17.0,BR,1722816546
21,osakarovka,50.565,72.5692,59.14,73,22,5.79,KZ,1722816547
22,st. john's,47.5649,-52.7093,71.28,95,100,14.97,CA,1722816548
23,nova sintra,14.8667,-24.7167,80.1,78,99,5.23,CV,1722816549
24,san luis de la loma,17.2706,-100.8939,83.8,77,86,7.96,MX,1722816550
25,punta arenas,-53.15,-70.9167,32.11,93,75,2.3,CL,1722816552
26,vilyuchinsk,52.9306,158.4028,64.67,71,53,3.29,RU,1722816553
27,malindi,-3.2175,40.1191,74.25,74,10,14.14,KE,1722816554
28,bairnsdale,-37.8333,147.6167,51.57,57,100,2.24,AU,1722816555
29,mount gambier,-37.8333,140.7667,49.64,59,87,3.6,AU,1722816495
30,shitanjing,39.2342,106.3439,77.59,33,19,5.86,CN,1722816557
31,thinadhoo,0.5333,72.9333,82.99,76,100,9.95,MV,1722816558
32,la passe,45.5549,-0.8967,66.43,91,0,6.24,FR,1722816559
33,grytviken,-54.2811,-36.5092,30.99,87,100,8.77,GS,1722816561
34,waitangi,-43.9535,-176.5597,50.83,70,100,4.0,NZ,1722816562
35,fort mcmurray,56.7268,-111.381,73.53,44,71,2.44,CA,1722816563
36,ushuaia,-54.8,-68.3,31.66,59,75,10.36,AR,1722816354
37,marsh harbour,26.5412,-77.0636,83.64,78,79,15.55,BS,1722816394
38,edinburgh of the seven seas,-37.0676,-12.3116,55.98,83,71,26.35,SH,1722816566
39,dudinka,69.4058,86.1778,47.48,61,0,18.25,RU,1722816567
40,audenge,44.6869,-1.0135,68.45,88,0,5.75,FR,1722816569
41,saint-philippe,-21.3585,55.7679,63.99,76,30,5.73,RE,1722816570
42,korop,51.5664,32.9586,65.1,59,99,4.99,UA,1722816571
43,murghob,38.1702,73.9667,53.62,65,21,3.18,TJ,1722816572
44,ilulissat,69.2167,-51.1,46.42,81,75,0.0,GL,1722816574
45,bonthe,7.5264,-12.505,77.22,85,100,4.92,SL,1722816575
46,bataysk,47.1398,39.7518,72.45,77,46,6.55,RU,1722816576
47,immokalee,26.4187,-81.4173,80.91,97,0,10.36,US,1722816577
48,polyarnyy,69.1989,33.4478,45.52,87,11,0.78,RU,1722816578
49,albany,42.6001,-73.9662,77.65,79,36,5.08,US,1722816580
50,nalut,30.3333,10.85,77.43,62,0,12.06,LY,1722816581
51,qaqortoq,60.7167,-46.0333,44.29,78,0,3.58,GL,1722816582
52,stanley,54.868,-1.6985,60.71,91,40,8.05,GB,1722816584
53,hammerfest,70.6634,23.6821,64.85,68,0,4.61,NO,1722816585
54,amga,60.8953,131.9608,66.06,49,100,10.16,RU,1722816587
55,carnarvon,-24.8667,113.6333,60.66,50,0,8.9,AU,1722816588
56,hamilton,39.1834,-84.5333,87.44,61,20,11.01,US,1722816589
57,invercargill,-46.4,168.35,51.03,76,51,5.99,NZ,1722816590
58,mahbubnagar,16.7333,77.9833,71.67,92,93,8.1,IN,1722816591
59,olonkinbyen,70.9221,-8.7187,44.73,97,100,6.76,SJ,1722816592
60,paka,4.6374,103.4368,76.73,88,96,5.84,MY,1722816594
61,lebu,-37.6167,-73.65,49.89,91,100,28.5,CL,1722816595
62,tesanj,44.6117,17.9872,62.17,69,31,2.37,BA,1722816596
63,constantia,44.1833,28.65,68.7,71,12,11.21,RO,1722816597
64,alice springs,-23.7,133.8833,49.55,100,100,5.75,AU,1722816599
65,utrik,11.2278,169.8474,83.37,80,53,14.27,MH,1722816600
66,puerto ayora,-0.7393,-90.3518,68.56,93,71,5.99,EC,1722816601
67,flying fish cove,-10.4217,105.6791,73.08,94,100,6.91,CX,1722816602
68,yuksekova,37.5736,44.2872,55.15,71,20,0.0,TR,1722816603
69,torquay,50.4638,-3.5143,62.92,87,53,5.01,GB,1722816604
70,malango,-2.9627,119.9001,71.83,81,39,2.04,ID,1722816606
71,penha,-26.7694,-48.6458,65.89,94,78,3.87,BR,1722816607
72,selfoss,63.9331,-20.9971,52.05,76,100,24.74,IS,1722816608
73,diu,20.7141,70.9822,80.6,88,100,16.71,IN,1722816609
74,rongelap,11.1635,166.8941,83.75,79,92,14.79,MH,1722816610
75,kurayoshi,35.4333,133.8167,84.72,78,42,3.69,JP,1722816611
76,taoudenni,22.6783,-3.9836,100.96,13,0,11.1,ML,1722816613
77,ebon,4.582,168.6964,84.6,72,88,11.97,MH,1722816614
78,kruisfontein,-34.0033,24.7314,49.89,69,43,15.17,ZA,1722816615
79,palmer,42.1584,-72.3287,73.81,80,75,6.91,US,1722816616
80,ca mau,9.1769,105.15,79.95,85,97,2.53,VN,1722816617
81,northam,51.0333,-4.2167,62.38,90,61,13.6,GB,1722816618
82,tolanaro,-25.0319,46.9987,63.63,90,1,7.23,MG,1722816619
83,dauphin,51.1494,-100.0502,72.54,37,79,6.71,CA,1722816621
84,comstock northwest,42.3218,-85.5176,83.48,57,0,5.75,US,1722816622
85,bilibino,68.0546,166.4372,48.47,56,77,6.6,RU,1722816623
86,mount isa,-20.7333,139.5,71.37,49,75,5.75,AU,1722816624
87,pemangkat,1.1667,108.9667,79.61,85,97,5.79,ID,1722816625
88,booue,-0.0921,11.9385,72.57,77,73,2.89,GA,1722816626
89,saurimo,-9.6608,20.3916,63.0,31,57,3.65,AO,1722816628
90,uturoa,-16.7333,-151.4333,76.35,71,2,16.67,PF,1722816629
91,margaret river,-33.95,115.0667,61.14,68,89,13.69,AU,1722816630
92,magdagachi,53.45,125.8,62.35,99,100,6.38,RU,1722816631
93,puerto cabezas,14.0351,-83.3888,80.37,86,31,4.29,NI,1722816632
94,kimbe,-5.5502,150.1429,84.13,72,94,3.42,PG,1722816633
95,tralee,52.2704,-9.7026,63.23,98,95,7.16,IE,1722816634
96,san patricio,28.017,-97.5169,91.54,51,4,14.7,US,1722816637
97,port lincoln,-34.7333,135.8667,53.92,74,81,3.51,AU,1722816639
98,tibati,6.4667,12.6333,64.58,97,96,1.86,CM,1722816640
99,garachico,28.7781,-17.7646,70.48,78,75,13.8,ES,1722816641
100,enewetak,11.3474,162.3373,83.88,77,88,9.75,MH,1722816642
101,saint-francois,46.4154,3.9054,60.24,95,0,3.44,FR,1722816520
102,phanat nikhom,13.4458,101.1844,79.92,99,100,3.71,TH,1722816645
103,howrah,22.5892,88.3103,84.2,94,75,4.61,IN,1722816646
104,sitka,57.0531,-135.33,78.69,36,0,6.91,US,1722816648
105,guerrero negro,27.9769,-114.0611,75.9,64,20,14.72,MX,1722816649
106,lata,40.1629,-8.3327,63.07,97,6,2.42,PT,1722816651
107,east london,-33.0153,27.9116,58.05,53,73,21.34,ZA,1722816652
108,bouarfa,32.53,-1.95,81.86,16,87,1.48,MA,1722816653
109,franceville,-1.6333,13.5836,76.95,59,94,1.9,GA,1722816654
110,jamestown,42.097,-79.2353,74.84,60,0,5.75,US,1722816454
111,vernon,50.2581,-119.2691,100.29,16,64,3.0,CA,1722816629
112,isla mujeres,21.2311,-86.731,78.85,80,93,9.22,MX,1722816658
113,porto novo,6.4965,2.6036,76.05,79,87,7.14,BJ,1722816659
114,taulaga,-11.0553,-171.0883,81.01,80,61,12.93,AS,1722816660
115,adamstown,-25.066,-130.1015,70.2,79,91,16.24,PN,1722816553
116,rikaze,29.25,88.8833,55.42,67,93,2.26,CN,1722816663
117,bethanie,-26.4833,17.15,42.51,91,43,5.26,NA,1722816664
118,la ronge,55.1001,-105.2842,70.02,46,100,5.75,CA,1722816595
119,toliara,-23.35,43.6667,65.77,64,0,5.37,MG,1722816666
120,the pas,53.8251,-101.2541,70.57,46,49,5.35,CA,1722816668
121,yellowknife,62.456,-114.3525,69.42,74,87,5.14,CA,1722816538
122,quatre cocos,-20.2078,57.7625,66.09,73,4,6.06,MU,1722816670
123,puerto natales,-51.7236,-72.4875,33.58,98,100,1.72,CL,1722816672
124,chegdomyn,51.1167,133.0167,58.51,97,100,3.2,RU,1722816673
125,aldinga beach,-35.2793,138.4604,53.67,81,100,6.02,AU,1722816675
126,hermanus,-34.4187,19.2345,50.63,66,70,16.64,ZA,1722816567
127,yarkovo,57.4028,67.0786,56.08,95,45,3.22,RU,1722816678
128,phalaborwa,-23.943,31.1411,68.58,21,20,4.83,ZA,1722816680
129,conde,-7.2597,-34.9075,72.86,94,75,9.22,BR,1722816681
130,sisimiut,66.9395,-53.6735,48.06,78,80,2.28,GL,1722816577
131,shingu,33.7333,135.9833,85.96,71,3,3.24,JP,1722816453
132,conway,35.0887,-92.4421,91.38,63,0,4.56,US,1722816684
133,hauterive,46.0901,3.4459,61.56,94,90,2.53,FR,1722816686
134,talnakh,69.4865,88.3972,51.85,58,0,11.72,RU,1722816687
135,sicuani,-14.2694,-71.2261,49.71,65,89,6.53,PE,1722816688
136,yarega,63.4354,53.5765,53.46,99,57,5.53,RU,1722816689
137,bandar abbas,27.1865,56.2808,87.57,87,98,13.67,IR,1722816690
138,ribeira grande,38.5167,-28.7,76.77,95,30,8.01,PT,1722816692
139,sorochinsk,52.4338,53.1583,66.67,58,59,5.82,RU,1722816693
140,broken hill,-31.95,141.4333,50.09,84,100,3.6,AU,1722816694
141,udachny,66.4167,112.4,67.66,43,70,9.46,RU,1722816696
142,goshainganj,26.5833,82.3833,79.7,88,85,3.6,IN,1722816697
143,blenheim,-41.516,173.9528,52.52,55,77,3.36,NZ,1722816474
144,bayganin,48.6947,55.8742,73.76,37,30,7.31,KZ,1722816700
145,ploneour-lanvern,47.9,-4.2833,59.29,94,75,0.0,FR,1722816701
146,xiangxiang,27.7333,112.5333,86.67,71,0,4.07,CN,1722816702
147,saumur,47.3333,-0.25,61.84,86,7,5.97,FR,1722816703
148,longyearbyen,78.2186,15.6401,46.24,93,40,10.36,SJ,1722816704
149,tingo maria,-9.2895,-76.0088,75.34,72,49,2.33,PE,1722816706
150,haiku-pauwela,20.9219,-156.3051,87.17,63,20,23.02,US,1722816707
151,sabang,5.8933,95.3214,83.66,74,100,18.5,ID,1722816708
152,kerikeri,-35.2268,173.9474,60.91,70,84,5.01,NZ,1722816710
153,namtsy,62.7161,129.6658,66.16,40,100,10.74,RU,1722816711
154,tiksi,71.6872,128.8694,55.56,54,100,8.72,RU,1722816712
155,taro,-8.3862,115.28,69.8,80,83,2.55,ID,1722816641
156,praia,14.9215,-23.5087,79.21,82,100,5.35,CV,1722816714
157,arraial do cabo,-22.9661,-42.0278,72.54,87,0,26.64,BR,1722816716
158,alakurtti,66.9672,30.3491,49.93,88,3,2.04,RU,1722816717
159,west island,-12.1568,96.8225,75.18,94,100,11.5,CC,1722816718
160,amboasary,-25.0333,46.3833,61.68,88,0,3.83,MG,1722816719
161,gisborne,-38.6533,178.0042,51.78,58,37,2.53,NZ,1722816720
162,xining,36.6167,101.7667,59.83,71,39,2.26,CN,1722816722
163,vila velha,-20.3297,-40.2925,70.95,97,75,2.3,BR,1722816576
164,fruitland,38.3221,-75.6202,78.98,95,100,4.61,US,1722816724
165,afaahiti,-17.75,-149.2833,80.47,74,44,11.65,PF,1722816725
166,hawaiian paradise park,19.5933,-154.9731,81.73,77,75,8.05,US,1722816727
167,susuman,62.7833,148.1667,61.57,40,12,3.85,RU,1722816728
168,arkalyk,50.2486,66.9114,62.91,60,0,5.12,KZ,1722816729
169,riobamba,-1.6667,-78.6333,49.82,83,77,4.97,EC,1722816730
170,sal rei,16.1833,-22.9167,78.62,84,93,9.08,CV,1722816731
171,sur,22.5667,59.5289,86.04,67,100,3.15,OM,1722816552
172,yakeshi,49.2833,120.7333,67.57,81,9,10.22,CN,1722816734
173,college,64.8569,-147.8028,75.45,52,75,4.61,US,1722816735
174,mongo,12.1844,18.693,71.49,91,100,2.44,TD,1722816736
175,port shepstone,-30.7414,30.455,60.78,64,88,19.8,ZA,1722816737
176,new martinsville,39.6445,-80.8576,80.87,65,1,2.75,US,1722816739
177,kuching,1.55,110.3333,80.98,89,58,1.86,MY,1722816740
178,tengrela,10.4869,-6.4097,70.97,97,96,3.47,CI,1722816741
179,nguigmi,14.2495,13.1092,84.29,58,100,16.71,NE,1722816742
180,vorkuta,67.5,64.0,45.95,68,90,10.69,RU,1722816743
181,revelstoke,50.9832,-118.2023,81.59,51,100,9.66,CA,1722816745
182,san pedro,14.35,121.0167,82.31,88,98,1.99,PH,1722816746
183,san angelo,31.4638,-100.437,95.95,33,0,4.0,US,1722816747
184,bam,29.106,58.357,91.76,11,87,6.58,IR,1722816748
185,kapuskasing,49.4169,-82.4331,65.07,43,51,8.9,CA,1722816482
186,keflavik,64.0049,-22.5624,52.23,82,100,21.85,IS,1722816604
187,campo maior,-4.8278,-42.1686,78.71,37,1,4.52,BR,1722816752
188,port mathurin,-19.6833,63.4167,71.73,73,8,13.89,MU,1722816753
189,boyolangu,-8.1181,111.8935,72.54,90,63,0.43,ID,1722816754
190,bako,5.7833,36.5667,65.23,84,67,2.82,ET,1722816755
191,korsakov,46.6328,142.7813,57.04,82,100,5.91,RU,1722816757
192,santa terezinha,-29.9002,-50.0904,61.92,99,100,4.38,BR,1722816758
193,inari,68.906,27.0288,48.4,95,11,4.52,FI,1722816759
194,wailua homesteads,22.0669,-159.378,83.19,71,20,13.8,US,1722816760
195,villa gesell,-37.2639,-56.973,49.05,65,55,10.22,AR,1722816761
196,cururupu,-1.8283,-44.8683,74.37,86,17,2.73,BR,1722816762
197,forster,-32.1667,152.5167,59.38,82,99,5.44,AU,1722816764
198,aasiaat,68.7098,-52.8699,37.87,89,28,5.77,GL,1722816765
199,cedral,23.8,-100.7333,81.37,28,2,13.62,MX,1722816766
200,queenstown,-31.8976,26.8753,44.24,81,94,6.55,ZA,1722816767
201,kirando,-7.4167,30.6,71.76,37,3,6.53,TZ,1722816768
202,gadzhiyevo,69.2551,33.3362,44.58,89,5,1.99,RU,1722816633
203,marieville,45.4334,-73.1658,75.13,83,32,4.18,CA,1722816771
204,aykhal,66.0,111.5,65.86,44,70,10.22,RU,1722816520
205,mutuali,-14.8706,37.0044,61.74,44,72,2.77,MZ,1722816773
206,adh dhayd,25.2881,55.8816,92.07,73,92,8.52,AE,1722816776
207,katsuren-haebaru,26.3369,127.8719,89.98,72,75,11.5,JP,1722816777
208,whitehorse,60.7161,-135.0538,77.02,32,9,3.0,CA,1722816524
209,bikenibeu village,1.3673,173.1241,87.76,66,20,8.05,KI,1722816780
210,klyuchi,52.2667,79.1667,65.5,70,82,6.06,RU,1722816781
211,krasnyy chikoy,50.3643,108.7512,61.21,91,53,1.68,RU,1722816782
212,anadyr,64.75,177.4833,43.3,100,100,17.9,RU,1722816784
213,nar'yan-mar,67.6713,53.087,41.94,77,76,14.34,RU,1722816622
214,pisco,-13.7,-76.2167,61.02,88,0,8.05,PE,1722816553
215,pugachev,52.0133,48.8025,71.17,44,77,0.69,RU,1722816790
216,sebring,27.4956,-81.4409,76.78,90,0,20.71,US,1722816791
217,birni n konni,13.7956,5.2553,76.71,87,98,12.39,NE,1722816792
218,acapulco de juarez,16.8634,-99.8901,85.82,70,75,3.44,MX,1722816723
219,callao,-12.0667,-77.15,64.72,77,75,11.5,PE,1722816795
220,colonia,50.9333,6.95,64.29,83,100,2.73,DE,1722816639
221,saipan,15.1355,145.701,84.9,79,20,14.97,MP,1722816797
222,kingston,17.997,-76.7936,86.95,70,20,17.27,JM,1722816799
223,palikir - national government center,6.9248,158.1611,88.54,70,75,9.22,FM,1722816800
224,taishan,22.2514,112.7799,84.27,82,26,4.65,CN,1722816801
225,kill devil hills,36.0307,-75.676,79.99,86,40,17.27,US,1722816737
226,geraldton,-28.7667,114.6,45.01,93,0,10.36,AU,1722816804
227,houghton,47.1219,-88.569,68.02,62,100,1.01,US,1722816805
228,siesta key,27.302,-82.5515,81.27,78,100,23.02,US,1722816806
229,camayenne,9.535,-13.6878,77.61,84,100,2.89,GN,1722816807
230,shimoda,34.6667,138.95,88.11,70,25,3.29,JP,1722816809
231,lindi,-10.0,39.7167,64.69,93,1,4.54,TZ,1722816810
232,burang,30.25,81.1667,51.82,77,100,3.76,CN,1722816811
233,angaur state,6.906,134.13,83.77,75,64,12.08,PW,1722816812
234,manay,7.215,126.5397,80.96,73,100,0.49,PH,1722816814
235,manokwari,-0.8667,134.0833,74.98,95,100,3.38,ID,1722816815
236,ceerigaabo,10.6162,47.368,64.99,65,31,16.28,SO,1722816816
237,saint-joseph,-21.3667,55.6167,62.98,76,16,6.06,RE,1722816818
238,vorgashor,67.5833,63.95,44.78,69,91,11.03,RU,1722816821
239,newman,37.3138,-121.0208,102.43,11,0,9.95,US,1722816823
240,touros,-5.1989,-35.4608,74.84,79,6,13.31,BR,1722816824
241,mount pearl,47.5166,-52.7813,70.45,95,100,14.97,CA,1722816826
242,kayenta,36.7278,-110.2546,84.31,30,62,18.48,US,1722816828
243,ola,59.5833,151.2833,59.38,76,11,3.85,RU,1722816829
244,baker city,44.7749,-117.8344,92.91,24,0,6.91,US,1722816830
245,meadow lake,34.8014,-106.5436,96.46,27,75,5.41,US,1722816832
246,lorengau,-2.0226,147.2712,82.2,80,100,7.7,PG,1722816833
247,iskateley,67.6803,53.1512,41.86,77,75,14.29,RU,1722816834
248,mcalester,34.9334,-95.7697,96.89,34,0,3.44,US,1722816609
249,salym,60.0625,71.4789,60.31,81,84,2.84,RU,1722816837
250,el hamma,33.8915,9.7963,79.84,69,0,8.52,TN,1722816838
251,dean funes,-30.4204,-64.3498,53.13,46,3,14.56,AR,1722816697
252,krychaw,53.6945,31.7099,60.62,76,74,3.38,BY,1722816840
253,maharaganj,27.1333,83.5667,78.64,93,72,5.86,IN,1722816841
254,la punta,-33.1837,-66.3127,53.96,41,56,6.49,AR,1722816843
255,lincoln city,44.9582,-124.0179,74.28,78,26,18.99,US,1722816844
256,saint joseph,39.7686,-94.8466,91.22,55,0,6.91,US,1722816774
257,port elizabeth,-33.918,25.5701,52.11,62,19,15.99,ZA,1722816569
258,vadso,70.0744,29.7487,50.88,100,100,11.5,NO,1722816603
259,yuzhno-kurilsk,44.0306,145.8556,61.9,99,100,4.92,RU,1722816849
260,san antonio de pale,-1.4014,5.6325,71.91,72,99,8.05,GQ,1722816850
261,grand gaube,-20.0064,57.6608,66.38,85,0,1.01,MU,1722816851
262,chagoda,59.164,35.3285,55.47,97,9,3.58,RU,1722816852
263,crane,31.3974,-102.3501,94.17,25,30,13.02,US,1722816854
264,niamtougou,9.7681,1.1053,71.11,89,91,2.8,TG,1722816855
265,choma,-16.8065,26.9531,58.28,22,0,3.22,ZM,1722816857
266,vyazemskiy,47.5378,134.7525,73.99,80,100,5.26,RU,1722816858
267,acipayam,37.4239,29.3494,74.41,35,0,4.59,TR,1722816859
268,truth or consequences,33.1284,-107.2528,98.83,19,0,11.27,US,1722816860
269,kogalym,62.2654,74.4791,63.81,83,100,3.49,RU,1722816862
270,avarua,-21.2078,-159.775,77.05,69,2,8.05,CK,1722816863
271,iguape,-24.7081,-47.5553,69.08,73,74,5.57,BR,1722816864
272,arochukwu,5.3898,7.914,73.38,94,94,2.55,NG,1722816866
273,mohr,54.3528,9.7167,55.54,91,38,5.75,DE,1722816867
274,quellon,-43.1167,-73.6167,44.98,95,100,5.03,CL,1722816868
275,bakanas,44.8081,76.2772,78.49,32,56,11.54,KZ,1722816869
276,leksand,60.7339,15.0032,56.89,95,87,1.01,SE,1722816871
277,hilo,19.7297,-155.09,81.95,80,75,8.05,US,1722816872
278,borzya,50.3833,116.5167,67.17,67,53,5.7,RU,1722816873
279,valle del guamuez,0.4525,-76.9192,72.86,95,95,1.32,CO,1722816874
280,broome,42.2506,-75.833,77.79,62,5,1.99,US,1722816595
281,mopti,14.6667,-4.0,80.89,74,100,10.16,ML,1722816877
282,canatlan,24.5167,-104.7833,79.48,31,13,12.3,MX,1722816878
283,chukhloma,58.7525,42.6825,55.87,98,75,4.12,RU,1722816879
284,mejit,10.2753,170.8646,83.62,79,15,15.28,MH,1722816625
285,kununurra,-15.7667,128.7333,73.38,60,3,2.3,AU,1722816881
286,navia,43.5354,-6.7194,62.65,98,7,2.3,ES,1722816883
287,la paz,-16.5,-68.15,42.67,67,7,10.4,BO,1722816746
288,nenjiang,49.1833,125.2167,74.25,88,94,11.1,CN,1722816885
289,kalianget,-7.05,113.9333,80.15,65,52,14.36,ID,1722816886
290,naples park,26.2617,-81.8093,81.99,46,100,1.99,US,1722816887
291,nizao,18.25,-70.2,81.46,77,36,10.36,DO,1722816889
292,dunedin,-45.8742,170.5036,50.31,60,72,3.13,NZ,1722816890
293,bridlington,54.0831,-0.1919,64.89,82,100,1.99,GB,1722816891
294,pahrump,36.2083,-115.9839,105.85,13,100,7.0,US,1722816892
295,al jawf,29.5,38.75,79.07,25,4,6.33,SA,1722816893
296,ballina,-28.8667,153.5667,63.79,68,100,1.5,AU,1722816895
297,sulak,43.2734,47.5146,78.03,74,0,11.56,RU,1722816896
298,baraki barak,33.9675,68.9486,71.53,72,90,2.39,AF,1722816672
299,bechar,31.6167,-2.2167,97.12,11,40,0.0,DZ,1722816899
300,kalmunai,7.4167,81.8167,77.61,84,42,5.44,LK,1722816900
301,tura,25.5198,90.2201,75.18,97,96,3.27,IN,1722816901
302,belel,7.05,14.4333,60.49,96,100,2.21,CM,1722816903
303,masterton,-40.9597,175.6575,51.89,70,56,3.71,NZ,1722816904
304,kenora,49.8167,-94.4337,67.17,55,75,4.61,CA,1722816905
305,oberwart,47.2897,16.206,63.99,84,89,3.22,AT,1722816907
306,abbeville,50.1,1.8333,56.5,86,84,3.29,FR,1722816908
307,ust-nera,64.5667,143.2,59.56,56,23,3.06,RU,1722816909
308,nyrob,60.733,56.7202,57.06,99,98,2.89,RU,1722816910
309,lazaro cardenas,17.9583,-102.2,84.83,72,79,7.96,MX,1722816911
310,kailua-kona,19.6406,-155.9956,84.27,79,75,11.5,US,1722816913
311,suva,-18.1416,178.4415,73.36,75,98,12.37,FJ,1722816624
312,new plymouth,-39.0667,174.0833,50.31,100,100,6.46,NZ,1722816915
313,parabel',58.6978,81.4825,61.21,96,100,3.89,RU,1722816916
314,castillos,-34.1667,-53.8333,51.64,81,100,5.12,UY,1722816917
315,benjamin constant,-4.3831,-70.0311,82.53,97,74,3.24,BR,1722816919
316,chernyshevsk,52.5243,117.0174,63.91,72,79,4.63,RU,1722816921
317,kinablangan,7.6947,126.5503,80.19,73,100,1.86,PH,1722816923
318,kasamwa,-2.85,32.4333,64.54,34,65,4.9,TZ,1722816658
319,coahuayana de hidalgo,18.7,-103.6583,84.16,75,96,4.03,MX,1722816926
320,kapa'a,22.0752,-159.319,84.52,68,20,13.8,US,1722816927
321,lochow,52.5308,21.6816,65.88,93,100,4.34,PL,1722816929
322,vung tau,10.346,107.0843,78.89,83,92,8.28,VN,1722816930
323,kemijarvi,66.7131,27.4306,52.36,80,35,2.62,FI,1722816931
324,anchorage,61.2181,-149.9003,69.66,70,0,8.05,US,1722816932
325,hadibu,12.65,54.0333,78.44,77,100,23.64,YE,1722816934
326,wenatchee,47.4235,-120.3103,99.45,25,0,8.05,US,1722816682
327,sinabang,2.4803,96.3801,78.75,84,97,3.6,ID,1722816936
328,luderitz,-26.6481,15.1594,55.45,83,34,17.94,NA,1722816937
329,kitimat,54.0524,-128.6534,89.98,44,59,5.01,CA,1722816939
330,patterson,37.4716,-121.1297,101.01,14,0,9.04,US,1722816777
331,hasaki,35.7333,140.8333,86.4,71,1,2.77,JP,1722816941
332,lihue,21.9789,-159.3672,83.79,63,20,13.8,US,1722816942
333,soto la marina,23.7667,-98.2167,86.5,62,2,10.27,MX,1722816944
334,banda aceh,5.5577,95.3222,80.49,79,95,12.15,ID,1722816945
335,diebougou,10.9667,-3.25,73.62,91,100,4.94,BF,1722816946
336,petropavlovsk-kamchatsky,53.0452,158.6483,64.99,63,20,6.71,RU,1722816948
337,kangding,30.0513,101.9603,64.38,85,5,4.12,CN,1722816949
338,djelfa,34.6728,3.263,73.13,33,0,5.01,DZ,1722816951
339,kavaratti,10.5669,72.642,81.68,80,77,9.82,IN,1722816952
340,sen monorom,12.45,107.2,70.97,96,77,1.54,KH,1722816953
341,isla cristina,37.2,-7.3167,76.28,43,0,5.66,ES,1722816954
342,arteche,12.2645,125.4048,79.9,88,100,4.32,PH,1722816956
343,usinsk,65.9939,57.5281,54.97,81,100,22.24,RU,1722816957
344,grand falls-windsor,48.9332,-55.6649,75.51,84,98,5.06,CA,1722816785
345,cabo san lucas,22.8909,-109.9124,94.6,45,20,9.22,MX,1722816959
346,acarau,-2.8856,-40.12,77.18,82,2,16.91,BR,1722816960
347,mazatlan,23.2167,-106.4167,89.91,72,40,9.22,MX,1722816961
348,ugoofaaru,5.6667,73.0,82.09,77,98,8.93,MV,1722816963
349,kisangani,0.5167,25.2,72.7,85,100,3.11,CD,1722816965
350,ancud,-41.8697,-73.8203,48.34,88,100,30.87,CL,1722816967
351,martapura,-3.4167,114.85,75.29,94,0,3.44,ID,1722816968
352,esikhaleni,-28.871,31.8996,66.79,75,77,12.88,ZA,1722816969
353,ha'il,27.5219,41.6907,80.62,26,0,2.3,SA,1722816970
354,chui,-33.6971,-53.4616,53.19,86,100,5.5,UY,1722816971
355,mili,6.0815,171.735,83.7,76,51,12.97,MH,1722816973
356,hit,33.6416,42.8251,90.16,18,0,12.62,IQ,1722816974
357,kalabo,-14.97,22.6814,61.99,25,4,4.54,ZM,1722816975
358,tazovsky,67.4667,78.7,42.37,78,97,12.17,RU,1722816976
359,beyneu,45.3167,55.2,84.02,31,58,2.68,KZ,1722816977
360,pangody,65.85,74.4859,52.07,60,100,16.4,RU,1722816979
361,kuanda,56.3161,116.0806,61.11,78,15,2.95,RU,1722816980
362,bubaque,11.2833,-15.8333,78.64,84,100,8.23,GW,1722816981
363,verkhnevilyuysk,63.4453,120.3167,66.2,44,18,8.86,RU,1722816983
364,chakari,-18.0629,29.8925,55.44,27,5,4.54,ZW,1722816984
365,chifeng,42.2683,118.9636,77.97,60,100,5.7,CN,1722816985
366,nagqu,31.5,92.0,40.15,82,0,2.44,CN,1722816987
367,si sa ket,14.8333,104.3333,77.67,86,47,5.99,TH,1722816988
368,shevchenko,48.5,35.0,62.92,81,27,8.81,UA,1722816989
369,essaouira,31.5125,-9.77,71.1,88,0,4.61,MA,1722816990
370,safi,32.1667,-8.8333,72.54,64,0,5.66,MA,1722816992
371,china,25.7,-99.2333,98.71,29,4,13.53,MX,1722816993
372,hassi messaoud,31.6804,6.0729,85.86,28,0,4.61,DZ,1722816994
373,new norfolk,-42.7826,147.0587,54.91,60,66,6.13,AU,1722816995
374,mersa matruh,31.3525,27.2453,78.26,79,0,5.86,EG,1722816997
375,totskoye,52.5248,52.7623,68.25,55,80,6.55,RU,1722816998
376,santo antonio do ica,-3.1022,-67.9397,73.98,98,88,3.22,BR,1722816999
377,sona,45.4388,10.8255,78.24,73,0,2.3,IT,1722817000
378,dapa,9.7594,126.0531,81.09,78,100,6.51,PH,1722817001
379,tevriz,57.509,72.4042,59.72,95,98,3.47,RU,1722817003
380,sao gabriel da cachoeira,-0.1303,-67.0892,74.5,91,98,2.37,BR,1722817004
381,pindushi,62.9152,34.58,48.96,96,18,6.06,RU,1722817007
382,isangel,-19.55,169.2667,73.08,53,31,14.23,VU,1722817008
383,kapit,2.0167,112.9333,72.72,98,100,0.76,MY,1722817009
384,vanino,49.0869,140.2543,66.33,49,60,5.14,RU,1722817010
385,puttalam,8.0362,79.8283,80.29,84,61,12.88,LK,1722817012
386,nehe,48.4833,124.8333,75.31,85,99,9.22,CN,1722817014
387,piacabucu,-10.4056,-36.4344,75.0,68,29,9.51,BR,1722817015
388,mogocha,53.7333,119.7667,61.83,97,100,2.39,RU,1722817016
389,saint-pierre,-21.3393,55.4781,64.08,59,0,8.05,RE,1722817018
390,novoagansk,61.9449,76.6625,62.22,91,100,5.17,RU,1722817019
391,sechura,-5.5569,-80.8222,64.58,84,39,16.06,PE,1722817020
392,fomboni,-12.28,43.7425,76.59,65,10,8.57,KM,1722817023
393,lazarevskoye,43.9061,39.3331,71.82,88,3,5.28,RU,1722817024
394,hibbing,47.4272,-92.9377,67.35,84,75,4.61,US,1722816878
395,nelson bay,-32.7167,152.15,58.08,84,100,6.13,AU,1722817027
396,arauco,-37.2463,-73.3175,49.93,91,100,19.24,CL,1722817028
397,timimoun,29.2639,0.231,93.58,10,0,8.05,DZ,1722817029
398,abdanan,32.9926,47.4198,81.82,21,0,7.78,IR,1722817032
399,mana,5.6592,-53.7767,79.34,87,100,12.08,GF,1722817033
400,walvis bay,-22.9575,14.5053,50.09,80,2,12.66,NA,1722817036
401,luanda,-8.8368,13.2343,67.96,86,87,7.63,AO,1722817037
402,atafu village,-8.5421,-172.5159,81.99,81,100,12.28,TK,1722817038
403,gun barrel city,32.3346,-96.1514,94.98,52,0,5.99,US,1722817040
404,nuku'alofa,-21.1333,-175.2,71.94,83,100,5.75,TO,1722817041
405,medina,24.4686,39.6142,95.43,34,20,9.22,SA,1722816902
406,kani keli,-12.9536,45.1033,72.66,62,18,6.82,YT,1722817043
407,yanam,16.7333,82.2167,78.17,90,87,2.86,IN,1722817045
408,prince george,53.9166,-122.753,72.84,49,0,14.97,CA,1722817046
409,lompoc,34.6391,-120.4579,71.85,77,0,12.66,US,1722817047
410,fedorovskiy,45.0972,40.9517,65.68,89,25,6.91,RU,1722817048
411,chonchi,-42.6128,-73.8092,45.61,98,100,5.01,CL,1722817050
412,caimancito,-23.7407,-64.5937,65.21,45,0,1.95,AR,1722817051
413,barcelos,41.5388,-8.6151,66.69,89,1,1.83,PT,1722817052
414,ingeniero jacobacci,-41.3427,-69.5448,43.88,53,97,6.82,AR,1722817053
415,nizhniy odes,63.6445,54.856,53.31,98,24,5.44,RU,1722817054
416,sang-e charak,35.8497,66.4369,68.29,31,0,2.48,AF,1722817056
417,namibe,-15.1961,12.1522,62.02,83,9,6.24,AO,1722816945
418,salahonda,2.1019,-78.7217,78.66,84,83,19.66,CO,1722817058
419,nishinoomote,30.7333,131.0,86.56,84,75,5.75,JP,1722817059
420,narasaraopet,16.25,80.0667,81.25,74,67,3.04,IN,1722817060
421,santa marta,11.2408,-74.199,87.89,69,20,7.0,CO,1722817062
422,magistral'nyy,56.1725,107.4458,64.47,70,95,4.16,RU,1722817063
423,bengkulu,-3.8004,102.2655,74.97,93,71,8.21,ID,1722817064
424,goundi,9.3627,17.366,70.12,90,100,0.87,TD,1722817065
425,kirovo-chepetsk,58.5539,50.0399,55.62,97,11,4.16,RU,1722817067
426,machado,-21.6747,-45.9197,69.39,56,98,3.38,BR,1722817068
427,hithadhoo,-0.6,73.0833,83.16,75,100,9.86,MV,1722817069
428,anjozorobe,-18.4,47.8667,46.85,86,0,1.88,MG,1722817070
429,kavieng,-2.5744,150.7967,83.16,75,100,10.76,PG,1722817072
430,labytnangi,66.6572,66.4183,48.16,62,100,21.03,RU,1722817073
431,bishkek,42.87,74.59,66.4,34,83,2.91,KG,1722817074
432,okhotsk,59.3833,143.3,61.34,66,79,6.58,RU,1722817075
433,richlands,37.0932,-81.7937,80.31,68,1,3.36,US,1722817076
434,gazipasa,36.2694,32.3179,77.09,88,0,4.61,TR,1722817078
435,nemuro,43.3236,145.575,59.67,99,100,8.7,JP,1722817079
436,bridgewater,44.3835,-64.5155,74.1,92,91,2.3,CA,1722817012
437,christies beach,-35.1396,138.4698,53.73,81,93,1.99,AU,1722817081
438,salmon arm,50.6998,-119.3024,100.44,37,75,2.3,CA,1722817083
439,mersing,2.4312,103.8405,75.11,94,20,4.61,MY,1722817084
440,saldanha,-33.0117,17.9442,39.25,59,87,6.64,ZA,1722817085
441,nizhnesortymskiy,62.4397,71.7603,63.54,76,55,5.86,RU,1722817086
442,alcudia,39.8532,3.1214,78.26,76,0,1.72,ES,1722816891
443,zemio,5.0314,25.1361,68.38,98,93,3.09,CF,1722817089
444,arkhangel'sk,64.5401,40.5433,51.91,100,75,4.47,RU,1722817090
445,les cayes,18.2,-73.75,81.64,82,93,4.45,HT,1722817091
446,alabat,14.1028,122.0153,82.13,77,100,6.71,PH,1722817092
447,remire-montjoly,4.9167,-52.2667,80.64,89,0,2.3,GF,1722817093
448,soreang,-7.0331,107.5183,63.66,87,66,3.0,ID,1722817095
449,ad dabbah,18.05,30.95,90.55,48,32,8.21,SD,1722817096
450,buta,2.7858,24.73,69.58,99,100,2.35,CD,1722817097
451,paimpol,48.7784,-3.0438,58.64,89,4,6.13,FR,1722816843
452,tara,56.8944,74.371,58.26,95,63,4.76,RU,1722817100
453,miles city,46.4083,-105.8406,90.57,31,0,25.32,US,1722817039
454,naze,28.3667,129.4833,88.72,73,15,14.65,JP,1722817102
455,rivera,-30.9053,-55.5508,56.3,99,100,13.71,UY,1722816964
456,mar del plata,-38.0023,-57.5575,50.95,71,46,3.0,AR,1722817054
457,olinda,-8.0089,-34.8553,76.73,83,40,11.5,BR,1722817106
458,alofi,-19.0595,-169.9187,80.49,78,75,10.36,NU,1722817107
459,baruun-urt,46.6806,113.2792,66.97,60,1,5.17,MN,1722817108
460,kayangel,8.0823,134.7173,83.93,75,76,12.21,PW,1722817109
461,sosnogorsk,63.6023,53.8817,54.37,99,53,4.74,RU,1722817110
462,las palmas,28.4204,-14.0131,70.59,73,0,11.5,ES,1722817089
463,poronaysk,49.2167,143.1167,57.02,76,48,3.27,RU,1722817113
464,ascension,30.2169,-90.9001,93.07,65,52,5.68,US,1722817114
465,riberalta,-10.9833,-66.1,81.1,59,81,3.11,BO,1722817115
466,woolgoolga,-30.1106,153.2007,67.87,66,97,6.31,AU,1722817116
467,ardakan,32.31,54.0175,92.59,14,76,12.82,IR,1722817119
468,nizhniy kuranakh,58.8353,125.4869,59.11,97,100,4.65,RU,1722817121
469,novodzhereliyevskaya,45.7737,38.6723,67.84,90,25,6.73,RU,1722817122
470,ta`u,-14.2336,-169.5144,80.4,65,100,4.63,AS,1722817123
471,margate,51.3813,1.3862,59.31,82,78,10.96,GB,1722817124
472,floro,61.5996,5.0328,58.96,82,100,6.91,NO,1722817125
473,cockburn town,21.4612,-71.1419,82.78,85,77,20.58,TC,1722817128
474,batticaloa,7.7102,81.6924,77.83,80,28,7.76,LK,1722817129
475,shache,38.4167,77.2406,77.49,47,46,2.8,CN,1722817131
476,lively,46.4334,-81.1498,74.01,62,87,3.6,CA,1722817132
477,vershino-darasunskiy,52.35,115.5167,62.98,63,2,3.76,RU,1722817133
478,horta,38.5333,-28.6333,76.01,95,43,8.01,PT,1722816851
479,tabas,33.5959,56.9244,91.92,14,27,1.9,IR,1722817135
480,tateyama,34.9833,139.8667,82.74,68,25,0.43,JP,1722817137
481,kone,-21.0595,164.8658,75.51,43,20,7.85,NC,1722817138
482,beira,-19.8436,34.8389,62.69,100,20,5.75,MZ,1722817139
483,balykshi,47.0667,51.8667,71.6,88,0,6.71,KZ,1722817087
484,aksu,41.1231,80.2644,72.45,50,0,3.56,CN,1722817023
485,fale old settlement,-9.3852,-171.2468,81.88,81,90,15.52,TK,1722817143
486,antofagasta,-23.65,-70.4,58.28,90,54,6.33,CL,1722816909
487,inarajan village,13.2736,144.7484,84.4,85,100,10.89,GU,1722817145
488,hankasalmi,62.3833,26.4333,59.92,93,36,2.73,FI,1722817146
489,brokopondo,4.75,-55.1667,82.78,70,100,7.07,SR,1722817147
490,kuybyshev,55.4475,78.3218,59.04,94,95,5.86,RU,1722817149
491,san luis,-33.295,-66.3356,54.28,39,45,5.35,AR,1722816963
492,harstad,68.799,16.5293,58.39,75,40,2.82,NO,1722817151
493,mugumu,-1.85,34.7,62.51,59,44,3.09,TZ,1722817152
494,paranagua,-25.52,-48.5092,66.38,84,100,3.74,BR,1722816923
495,irymple,-34.25,142.1667,50.09,90,100,12.75,AU,1722817155
496,port moresby,-9.4431,147.1797,83.62,65,20,11.5,PG,1722817156
497,blythe,33.6103,-114.5964,117.05,12,75,3.44,US,1722817157
498,bereznik,62.8551,42.7072,58.21,94,100,4.63,RU,1722817158
499,panjab,34.388,67.0233,51.58,44,0,4.61,AF,1722817160
500,el soberbio,-27.2985,-54.1988,65.3,98,83,1.95,AR,1722817161
501,inirida,3.8653,-67.9239,76.41,88,100,2.59,CO,1722817162
502,jayapura,-2.5333,140.7,79.99,74,100,4.09,ID,1722817163
503,maulavi bazar,24.4833,91.7833,77.52,96,100,4.63,BD,1722817164
504,cabedelo,-6.9811,-34.8339,74.07,85,33,14.94,BR,1722817166
505,leninskoye,41.7589,69.3864,73.47,24,62,5.41,KZ,1722817167
506,al hufuf,25.3646,49.5653,93.54,14,0,6.91,SA,1722817168
507,ermoupolis,37.4423,24.9425,83.1,47,25,6.91,GR,1722817169
508,polatli,39.5772,32.1413,73.22,41,1,4.29,TR,1722817170
509,puerto armuelles,8.2833,-82.8667,76.98,86,100,2.86,PA,1722817172
510,tofol,5.3248,163.0078,89.38,62,75,9.22,FM,1722817173
511,ixtapa,20.7,-105.2,88.23,66,75,6.91,MX,1722817174
512,bedong,5.7274,100.5088,78.76,93,95,2.3,MY,1722817175
513,auki,-8.7676,160.7034,78.89,88,100,3.89,SB,1722817176
514,ocean shores,46.9737,-124.1563,69.96,78,100,13.8,US,1722817178
515,boca suno,-0.7167,-77.1333,72.77,97,91,2.51,EC,1722817179
516,minas de marcona,-15.2119,-75.1103,51.75,85,14,12.75,PE,1722817180
517,urangan,-25.3,152.9,66.58,65,53,9.6,AU,1722817181
518,agat village,13.3886,144.6585,84.36,81,20,6.91,GU,1722817183
519,monteros,-27.1674,-65.4983,60.57,37,0,0.22,AR,1722817184
520,crieff,56.3727,-3.8389,60.08,99,100,3.15,GB,1722817185
521,rockland,41.1668,-74.0496,77.68,86,95,2.75,US,1722816909
522,santa ana,33.7456,-117.8678,103.26,40,20,9.22,US,1722817187
523,zlatni pyasatsi,43.285,28.0418,69.55,87,18,1.14,BG,1722817189
524,viedma,-40.8135,-62.9967,52.29,45,99,10.11,AR,1722817190
525,lezhe,41.7836,19.6436,71.92,47,11,6.8,AL,1722817191
526,metlili chaamba,32.2667,3.6333,86.94,16,0,3.44,DZ,1722817192
527,nuuk,64.1835,-51.7216,43.41,87,70,6.91,GL,1722816915
528,al bawiti,28.3492,28.8659,80.94,30,35,6.04,EG,1722817195
529,manta,-0.95,-80.7333,74.98,78,75,12.66,EC,1722817196
530,misawa,40.6836,141.3597,77.61,88,75,3.44,JP,1722817197
531,choyr,46.3611,108.3611,68.05,54,4,5.39,MN,1722817198
532,mandalgovi,45.7625,106.2708,69.67,38,45,9.69,MN,1722817199
533,muromtsevo,56.3724,75.2418,59.16,94,84,4.47,RU,1722817201
534,ketchikan,55.3422,-131.6461,77.47,41,0,12.66,US,1722817202
535,kyzylorda,44.8528,65.5092,66.22,48,0,4.47,KZ,1722817203
536,calvinia,-31.4707,19.776,33.89,97,30,4.38,ZA,1722817204
537,bandarbeyla,9.4942,50.8122,76.62,80,100,29.19,SO,1722817208
538,san rafael del sur,11.8485,-86.4384,79.77,83,50,7.76,NI,1722817209
539,nouadhibou,20.931,-17.0347,75.18,88,40,10.36,MR,1722817211
540,amahai,-3.3333,128.9167,76.64,90,100,5.99,ID,1722817212
541,north bend,43.4065,-124.2243,73.26,72,40,13.8,US,1722817214
542,yamada,39.4667,141.95,80.71,78,30,3.74,JP,1722817215
543,westport,41.1415,-73.3579,75.6,88,66,3.0,US,1722817216
544,batouri,4.4333,14.3667,67.6,98,98,2.66,CM,1722817218
545,opuwo,-18.0607,13.84,61.57,38,0,3.04,NA,1722817220
546,odiongan,12.4017,121.9919,82.92,80,100,16.84,PH,1722817224
547,pacific grove,36.6177,-121.9166,79.21,86,75,9.22,US,1722817225
548,island harbour,50.724,-1.2758,62.02,75,71,1.01,GB,1722817227
549,lagoa santa,-19.6272,-43.8897,70.77,62,0,5.75,BR,1722817229
550,saint-louis,16.3333,-15.0,83.95,66,100,13.13,SN,1722817232
551,mulayjah,27.271,48.4242,91.8,15,89,11.72,SA,1722817233
552,bozyazi,36.1082,32.9611,82.89,71,9,6.13,TR,1722817235
553,alo,6.5486,4.2686,75.29,88,65,6.26,NG,1722817236
554,faya-largeau,17.9257,19.1043,82.92,72,99,24.32,TD,1722817238
555,i-n-salah,27.1935,2.4607,100.22,9,34,10.74,DZ,1722816973
556,ain sefra,32.75,-0.5833,84.11,14,70,5.44,DZ,1722817241
557,konarka,19.9,86.1167,81.0,82,99,6.69,IN,1722817242
558,khovd,48.0056,91.6419,69.15,41,0,2.26,MN,1722817243
559,fada,7.25,4.0667,69.33,97,74,2.77,NG,1722817245
